1621108563,BAN,58.236.203.13
1621108563,BAN,210.133.208.189
1621108563,BAN,221.17.254.20
1621108564,UNBAN,58.236.203.13
1621108564,BAN,58.236.203.13
1621108565,UNBAN,58.236.203.13
1621108565,UNBAN,221.17.254.20
1621108565,BAN,58.236.203.13
1621108565,BAN,221.17.254.20
1621108566,UNBAN,210.133.208.189
1621108566,UNBAN,58.236.203.13
1621108566,BAN,210.133.208.189
1621108566,BAN,58.236.203.13
1621108610,BAN,58.236.203.13
1621108610,BAN,210.133.208.189
1621108611,UNBAN,58.236.203.13
1621108611,BAN,58.236.203.13
1621108612,UNBAN,58.236.203.13
1621108612,BAN,58.236.203.13
1621108613,UNBAN,58.236.203.13
1621108613,UNBAN,210.133.208.189
1621108613,BAN,58.236.203.13
1621108613,BAN,210.133.208.189
1621108614,UNBAN,58.236.203.13
1621108614,BAN,58.236.203.13
1621108615,UNBAN,58.236.203.13
1621108615,BAN,58.236.203.13
1621108616,UNBAN,210.133.208.189
1621108616,BAN,210.133.208.189
1621108616,UNBAN,58.236.203.13
1621108616,BAN,58.236.203.13
1621108617,UNBAN,58.236.203.13
1621108617,BAN,58.236.203.13
1621108618,UNBAN,58.236.203.13
1621108618,BAN,58.236.203.13
1621108619,UNBAN,210.133.208.189
1621108619,BAN,210.133.208.189
1621108619,UNBAN,58.236.203.13
1621108619,BAN,58.236.203.13
1621108620,UNBAN,58.236.203.13
1621108620,BAN,58.236.203.13
1621109213,BAN,58.236.203.13
1621109213,BAN,210.133.208.189
1621109213,BAN,221.17.254.20
1621109214,UNBAN,58.236.203.13
1621109214,BAN,58.236.203.13
1621109215,UNBAN,221.17.254.20
1621109215,UNBAN,58.236.203.13
1621109215,BAN,221.17.254.20
1621109215,BAN,58.236.203.13
1621109216,UNBAN,210.133.208.189
1621109216,BAN,210.133.208.189
1621109216,UNBAN,58.236.203.13
1621109216,BAN,58.236.203.13
1621109217,UNBAN,221.17.254.20
1621109217,UNBAN,58.236.203.13
1621109217,BAN,221.17.254.20
1621109217,BAN,58.236.203.13
1621109218,UNBAN,58.236.203.13
1621109218,BAN,58.236.203.13
1621109219,UNBAN,210.133.208.189
1621109219,BAN,210.133.208.189
1621109219,UNBAN,221.17.254.20
1621109219,BAN,221.17.254.20
1621109219,UNBAN,58.236.203.13
1621109219,BAN,58.236.203.13
1621109560,BAN,210.133.208.189
1621109560,BAN,58.236.203.13
1621109560,BAN,221.17.254.20
1621109561,UNBAN,58.236.203.13
1621109561,BAN,58.236.203.13
1621109562,UNBAN,58.236.203.13
1621109562,UNBAN,221.17.254.20
1621109562,BAN,58.236.203.13
1621109562,BAN,221.17.254.20
1621109579,BAN,58.236.203.13
1621109579,BAN,221.17.254.20
1621109579,BAN,210.133.208.189
1621109580,UNBAN,58.236.203.13
1621109580,BAN,58.236.203.13
1621109581,UNBAN,58.236.203.13
1621109581,UNBAN,221.17.254.20
1621109581,BAN,221.17.254.20
1621109581,BAN,58.236.203.13
1621109582,UNBAN,58.236.203.13
1621109582,UNBAN,210.133.208.189
1621109582,BAN,58.236.203.13
1621109582,BAN,210.133.208.189
1621109583,UNBAN,58.236.203.13
1621109583,UNBAN,221.17.254.20
1621109583,BAN,58.236.203.13
1621109583,BAN,221.17.254.20
1621109584,UNBAN,58.236.203.13
1621109584,BAN,58.236.203.13
1621109585,UNBAN,221.17.254.20
1621109585,UNBAN,210.133.208.189
1621109585,BAN,210.133.208.189
1621109585,BAN,221.17.254.20
1621109585,UNBAN,58.236.203.13
1621109585,BAN,58.236.203.13
1621109586,UNBAN,58.236.203.13
1621109586,BAN,58.236.203.13
1621109587,UNBAN,221.17.254.20
1621109587,BAN,221.17.254.20
1621109587,UNBAN,58.236.203.13
1621109587,BAN,58.236.203.13
1621109588,UNBAN,210.133.208.189
1621109588,BAN,210.133.208.189
1621109588,UNBAN,58.236.203.13
1621109588,BAN,58.236.203.13
1621109589,UNBAN,221.17.254.20
1621109589,BAN,221.17.254.20
1621109589,UNBAN,58.236.203.13
1621109589,BAN,58.236.203.13
1621109590,UNBAN,58.236.203.13
1621109590,BAN,58.236.203.13
1621109591,UNBAN,210.133.208.189
1621109591,BAN,210.133.208.189
1621109591,UNBAN,221.17.254.20
1621109591,BAN,221.17.254.20
1621109591,UNBAN,58.236.203.13
1621109591,BAN,58.236.203.13
1621109592,UNBAN,58.236.203.13
1621109592,BAN,58.236.203.13
1621109593,UNBAN,221.17.254.20
1621109593,BAN,221.17.254.20
1621109593,UNBAN,58.236.203.13
1621109593,BAN,58.236.203.13
1621109594,UNBAN,210.133.208.189
1621109594,BAN,210.133.208.189
1621109594,UNBAN,58.236.203.13
1621109594,BAN,58.236.203.13
1621109595,UNBAN,221.17.254.20
1621109595,BAN,221.17.254.20
1621109595,UNBAN,58.236.203.13
1621109595,BAN,58.236.203.13
1621109596,UNBAN,58.236.203.13
1621109596,BAN,58.236.203.13
1621109597,UNBAN,210.133.208.189
1621109597,BAN,210.133.208.189
1621109597,UNBAN,221.17.254.20
1621109597,BAN,221.17.254.20
1621109597,UNBAN,58.236.203.13
1621109597,BAN,58.236.203.13
1621109600,BAN,210.133.208.189
1621109600,BAN,58.236.203.13
1621109600,BAN,221.17.254.20
1621109601,UNBAN,58.236.203.13
1621109601,BAN,58.236.203.13
1621109602,UNBAN,221.17.254.20
1621109602,UNBAN,58.236.203.13
1621109602,BAN,221.17.254.20
1621109602,BAN,58.236.203.13
1621109603,UNBAN,210.133.208.189
1621109603,BAN,210.133.208.189
1621109603,UNBAN,58.236.203.13
1621109603,BAN,58.236.203.13
1621109604,UNBAN,221.17.254.20
1621109604,UNBAN,58.236.203.13
1621109604,BAN,221.17.254.20
1621109604,BAN,58.236.203.13
1621109697,BAN,210.133.208.189
1621109697,BAN,58.236.203.13
1621109697,BAN,221.17.254.20
1621109698,UNBAN,58.236.203.13
1621109699,UNBAN,221.17.254.20
1621109700,UNBAN,210.133.208.189
1621109809,BAN,210.133.208.189
1621109809,BAN,221.17.254.20
1621109809,BAN,58.236.203.13
1621109819,UNBAN,58.236.203.13
1621109819,BAN,58.236.203.13
1621109829,UNBAN,58.236.203.13
1621109829,BAN,58.236.203.13
1621109839,UNBAN,58.236.203.13
1621109839,BAN,58.236.203.13
1621109849,UNBAN,58.236.203.13
1621109849,BAN,58.236.203.13
1621109859,UNBAN,58.236.203.13
1621109859,BAN,58.236.203.13
1621109869,UNBAN,221.17.254.20
1621109869,BAN,221.17.254.20
1621109869,UNBAN,58.236.203.13
1621109869,BAN,58.236.203.13
1621109879,UNBAN,58.236.203.13
1621109879,BAN,58.236.203.13
1621109889,UNBAN,58.236.203.13
1621109889,BAN,58.236.203.13
1621109899,UNBAN,58.236.203.13
1621109899,BAN,58.236.203.13
1621109909,UNBAN,58.236.203.13
1621109909,BAN,58.236.203.13
1621109919,UNBAN,58.236.203.13
1621109919,BAN,58.236.203.13
1621109929,UNBAN,210.133.208.189
1621109929,BAN,210.133.208.189
1621109929,UNBAN,221.17.254.20
1621109929,BAN,221.17.254.20
1621109929,UNBAN,58.236.203.13
1621109929,BAN,58.236.203.13
1621109939,UNBAN,58.236.203.13
1621109939,BAN,58.236.203.13
1621109949,UNBAN,58.236.203.13
1621109949,BAN,58.236.203.13
1621109959,UNBAN,58.236.203.13
1621109959,BAN,58.236.203.13
1621109969,UNBAN,58.236.203.13
1621109969,BAN,58.236.203.13
1621109979,UNBAN,58.236.203.13
1621109979,BAN,58.236.203.13
1621109989,UNBAN,221.17.254.20
1621109989,BAN,221.17.254.20
1621109989,UNBAN,58.236.203.13
1621109989,BAN,58.236.203.13
1621109999,UNBAN,58.236.203.13
1621109999,BAN,58.236.203.13
1621110009,UNBAN,58.236.203.13
1621110009,BAN,58.236.203.13
1621110019,UNBAN,58.236.203.13
1621110019,BAN,58.236.203.13
1621110029,UNBAN,58.236.203.13
1621110029,BAN,58.236.203.13
1621110039,UNBAN,58.236.203.13
1621110039,BAN,58.236.203.13
1621110049,UNBAN,210.133.208.189
1621110049,UNBAN,221.17.254.20
1621110049,BAN,221.17.254.20
1621110049,BAN,210.133.208.189
1621110049,UNBAN,58.236.203.13
1621110049,BAN,58.236.203.13
1621110059,UNBAN,58.236.203.13
1621110059,BAN,58.236.203.13
1621110109,UNBAN,221.17.254.20
1621110109,BAN,221.17.254.20
1621110119,UNBAN,58.236.203.13
1621110119,BAN,58.236.203.13
1621110169,UNBAN,210.133.208.189
1621110169,UNBAN,221.17.254.20
1621110169,BAN,210.133.208.189
1621110169,BAN,221.17.254.20
1621110179,UNBAN,58.236.203.13
1621110179,BAN,58.236.203.13
1621110229,UNBAN,221.17.254.20
1621110229,BAN,221.17.254.20
1621110239,UNBAN,58.236.203.13
1621110239,BAN,58.236.203.13
1621110289,UNBAN,210.133.208.189
1621110289,BAN,210.133.208.189
1621110289,UNBAN,221.17.254.20
1621110289,BAN,221.17.254.20
1621110299,UNBAN,58.236.203.13
1621110299,BAN,58.236.203.13
1621110349,UNBAN,221.17.254.20
1621110349,BAN,221.17.254.20
1621110359,UNBAN,58.236.203.13
1621110359,BAN,58.236.203.13
1621110409,UNBAN,210.133.208.189
1621110409,BAN,210.133.208.189
1621110409,UNBAN,221.17.254.20
1621110409,BAN,221.17.254.20
1621110419,UNBAN,58.236.203.13
1621110419,BAN,58.236.203.13
1621110469,UNBAN,221.17.254.20
1621110469,BAN,221.17.254.20
1621110479,UNBAN,58.236.203.13
1621110479,BAN,58.236.203.13
1621110529,UNBAN,210.133.208.189
1621110529,BAN,210.133.208.189
1621110529,UNBAN,221.17.254.20
1621110529,BAN,221.17.254.20
1621110539,UNBAN,58.236.203.13
1621110539,BAN,58.236.203.13
1621110589,UNBAN,221.17.254.20
1621110599,UNBAN,58.236.203.13
1621110599,BAN,58.236.203.13
1621110649,UNBAN,210.133.208.189
1621110649,BAN,210.133.208.189
1621110659,UNBAN,58.236.203.13
1621110659,BAN,58.236.203.13
1621110719,UNBAN,58.236.203.13
1621110719,BAN,58.236.203.13
1621110769,UNBAN,210.133.208.189
1621110769,BAN,210.133.208.189
1621110779,UNBAN,58.236.203.13
1621110779,BAN,58.236.203.13
1621110839,UNBAN,58.236.203.13
1621110839,BAN,58.236.203.13
1621110889,UNBAN,210.133.208.189
1621110889,BAN,210.133.208.189
1621110899,UNBAN,58.236.203.13
1621110899,BAN,58.236.203.13
1621110959,UNBAN,58.236.203.13
1621110959,BAN,58.236.203.13
1621111009,UNBAN,210.133.208.189
1621111009,BAN,210.133.208.189
1621111019,UNBAN,58.236.203.13
1621111019,BAN,58.236.203.13
1621111079,UNBAN,58.236.203.13
1621111079,BAN,58.236.203.13
1621111129,UNBAN,210.133.208.189
1621111129,BAN,210.133.208.189
1621111139,UNBAN,58.236.203.13
1621111139,BAN,58.236.203.13
1621111199,UNBAN,58.236.203.13
1621111199,BAN,58.236.203.13
1621111249,UNBAN,210.133.208.189
1621111249,BAN,210.133.208.189
1621111259,UNBAN,58.236.203.13
1621111259,BAN,58.236.203.13
1621111362,BAN,58.236.203.13
1621111362,BAN,210.133.208.189
1621111362,BAN,221.17.254.20
1621111376,BAN,58.236.203.13
1621111376,BAN,210.133.208.189
1621111376,BAN,221.17.254.20
1621112633,BAN,128.105.147.95
1621112658,BAN,58.236.203.13
1621112677,BAN,243.34.70.168
1621112677,BAN,78.25.221.30
1621112677,BAN,25.171.230.166
1621112677,BAN,135.201.226.72
1621112677,BAN,228.86.238.252
1621112677,BAN,212.236.156.32
1621112677,BAN,99.21.179.3
1621112693,BAN,204.206.162.33
1621112694,UNBAN,204.206.162.33
1621112694,BAN,204.206.162.33
1621112695,UNBAN,204.206.162.33
1621112695,BAN,204.206.162.33
1621112696,UNBAN,204.206.162.33
1621112696,BAN,204.206.162.33
1621112697,UNBAN,204.206.162.33
1621112697,BAN,204.206.162.33
1621112698,UNBAN,204.206.162.33
1621112698,BAN,204.206.162.33
1621112699,UNBAN,204.206.162.33
1621112699,BAN,204.206.162.33
1621112701,BAN,132.231.64.90
1621112703,UNBAN,132.231.64.90
1621112703,BAN,132.231.64.90
1621112704,UNBAN,132.231.64.90
1621112704,BAN,132.231.64.90
1621112758,BAN,221.17.254.20
1621112759,UNBAN,221.17.254.20
1621112759,BAN,221.17.254.20
1621112760,UNBAN,221.17.254.20
1621112760,BAN,221.17.254.20
1621112761,UNBAN,221.17.254.20
1621112761,BAN,221.17.254.20
1621112762,UNBAN,221.17.254.20
1621112762,BAN,221.17.254.20
1621112763,UNBAN,221.17.254.20
1621112763,BAN,221.17.254.20
1621112764,UNBAN,221.17.254.20
1621112764,BAN,221.17.254.20
1621112765,UNBAN,221.17.254.20
1621112765,BAN,221.17.254.20
1621112766,UNBAN,221.17.254.20
1621112766,BAN,221.17.254.20
1621112767,UNBAN,221.17.254.20
1621112767,BAN,221.17.254.20
1621112768,UNBAN,221.17.254.20
1621112768,BAN,221.17.254.20
1621112769,UNBAN,221.17.254.20
1621112769,BAN,221.17.254.20
1621112770,UNBAN,221.17.254.20
1621112770,BAN,221.17.254.20
1621112771,UNBAN,221.17.254.20
1621112771,BAN,58.236.203.13
1621112772,UNBAN,58.236.203.13
1621112772,BAN,58.236.203.13
1621112773,UNBAN,58.236.203.13
1621112773,BAN,58.236.203.13
1621112774,UNBAN,58.236.203.13
1621112774,BAN,58.236.203.13
1621112775,UNBAN,58.236.203.13
1621112775,BAN,58.236.203.13
1621112776,UNBAN,58.236.203.13
1621112776,BAN,58.236.203.13
1621112777,UNBAN,58.236.203.13
1621112777,BAN,58.236.203.13
1621112778,UNBAN,58.236.203.13
1621112778,BAN,58.236.203.13
1621112779,UNBAN,58.236.203.13
1621112779,BAN,58.236.203.13
1621112780,UNBAN,58.236.203.13
1621112780,BAN,58.236.203.13
1621112781,UNBAN,58.236.203.13
1621112781,BAN,58.236.203.13
1621112782,UNBAN,58.236.203.13
1621112782,BAN,58.236.203.13
1621112783,UNBAN,58.236.203.13
1621112783,BAN,58.236.203.13
1621112784,UNBAN,58.236.203.13
1621112784,BAN,58.236.203.13
1621112785,UNBAN,58.236.203.13
1621112785,BAN,58.236.203.13
1621112847,BAN,210.133.208.189
1621112847,BAN,58.236.203.13
1621112847,BAN,221.17.254.20
1621112848,UNBAN,58.236.203.13
1621112848,UNBAN,210.133.208.189
1621112848,UNBAN,221.17.254.20
1621112848,BAN,58.236.203.13
1621112848,BAN,210.133.208.189
1621112848,BAN,221.17.254.20
1621112849,UNBAN,58.236.203.13
1621112849,UNBAN,210.133.208.189
1621112849,UNBAN,221.17.254.20
1621112849,BAN,58.236.203.13
1621112849,BAN,210.133.208.189
1621112849,BAN,221.17.254.20
1621112850,UNBAN,58.236.203.13
1621112850,UNBAN,210.133.208.189
1621112850,UNBAN,221.17.254.20
1621112850,BAN,210.133.208.189
1621112850,BAN,58.236.203.13
1621112850,BAN,221.17.254.20
1621112851,UNBAN,58.236.203.13
1621112851,UNBAN,210.133.208.189
1621112851,UNBAN,221.17.254.20
1621112851,BAN,58.236.203.13
1621112851,BAN,210.133.208.189
1621112851,BAN,221.17.254.20
1621112852,UNBAN,210.133.208.189
1621112852,UNBAN,58.236.203.13
1621112852,UNBAN,221.17.254.20
1621112852,BAN,210.133.208.189
1621112852,BAN,58.236.203.13
1621112852,BAN,221.17.254.20
1621112853,UNBAN,58.236.203.13
1621112853,UNBAN,221.17.254.20
1621112853,UNBAN,210.133.208.189
1621112853,BAN,58.236.203.13
1621112853,BAN,210.133.208.189
1621112853,BAN,221.17.254.20
1621112854,UNBAN,210.133.208.189
1621112854,UNBAN,58.236.203.13
1621112854,BAN,210.133.208.189
1621112854,BAN,58.236.203.13
1621112854,UNBAN,221.17.254.20
1621112854,BAN,221.17.254.20
1621112855,UNBAN,210.133.208.189
1621112855,UNBAN,58.236.203.13
1621112855,UNBAN,221.17.254.20
1621112855,BAN,210.133.208.189
1621112855,BAN,58.236.203.13
1621112855,BAN,221.17.254.20
1621112920,BAN,58.236.203.13
1621112920,BAN,221.17.254.20
1621112920,BAN,210.133.208.189
1621112975,BAN,210.133.208.189
1621112993,BAN,58.236.203.13
1621112994,UNBAN,58.236.203.13
1621112994,BAN,221.17.254.20
1621112995,UNBAN,221.17.254.20
1621112995,BAN,210.133.208.189
1621112996,UNBAN,210.133.208.189
1621113148,BAN,58.236.203.13
1621113149,UNBAN,58.236.203.13
1621113149,BAN,221.17.254.20
1621113150,UNBAN,221.17.254.20
1621113155,BAN,221.17.254.20
1621113156,UNBAN,221.17.254.20
1621113156,BAN,58.236.203.13
1621113157,UNBAN,58.236.203.13
1621113209,BAN,58.236.203.13
1621113210,UNBAN,58.236.203.13
1621113210,BAN,221.17.254.20
1621113211,UNBAN,221.17.254.20
1621113218,BAN,221.17.254.20
1621113219,UNBAN,221.17.254.20
1621113219,BAN,58.236.203.13
1621113220,UNBAN,58.236.203.13
1621113267,BAN,58.236.203.13
1621113268,UNBAN,58.236.203.13
1621113268,BAN,221.17.254.20
1621113269,UNBAN,221.17.254.20
1621113606,BAN,58.236.203.13
1621113607,UNBAN,58.236.203.13
1621113607,BAN,221.17.254.20
1621113608,UNBAN,221.17.254.20
1621113608,BAN,210.133.208.189
1621113609,UNBAN,210.133.208.189
1621113627,BAN,221.17.254.20
1621113628,UNBAN,221.17.254.20
1621113628,BAN,221.17.254.20
1621113629,UNBAN,221.17.254.20
1621113629,BAN,221.17.254.20
1621113630,UNBAN,221.17.254.20
1621113630,BAN,221.17.254.20
1621113631,UNBAN,221.17.254.20
1621113631,BAN,221.17.254.20
1621113632,UNBAN,221.17.254.20
1621113632,BAN,221.17.254.20
1621113633,UNBAN,221.17.254.20
1621113633,BAN,221.17.254.20
1621113634,UNBAN,221.17.254.20
1621113634,BAN,221.17.254.20
1621113635,UNBAN,221.17.254.20
1621113635,BAN,221.17.254.20
1621113650,BAN,58.236.203.13
1621113651,UNBAN,58.236.203.13
1621113651,BAN,58.236.203.13
1621113652,UNBAN,58.236.203.13
1621113652,BAN,58.236.203.13
1621113653,UNBAN,58.236.203.13
1621113653,BAN,58.236.203.13
1621113654,UNBAN,58.236.203.13
1621113654,BAN,58.236.203.13
1621113655,UNBAN,58.236.203.13
1621113655,BAN,58.236.203.13
1621113656,UNBAN,58.236.203.13
1621113656,BAN,58.236.203.13
1621113657,UNBAN,58.236.203.13
1621113657,BAN,58.236.203.13
1621113720,BAN,210.133.208.189
1621113720,BAN,58.236.203.13
1621113721,BAN,221.17.254.20
1621113721,UNBAN,210.133.208.189
1621113772,BAN,221.17.254.20
1621113773,UNBAN,221.17.254.20
1621113808,BAN,58.236.203.13
1621113809,UNBAN,58.236.203.13
1621113809,BAN,58.236.203.13
1621113810,UNBAN,58.236.203.13
1621113810,BAN,58.236.203.13
1621113811,UNBAN,58.236.203.13
1621113811,BAN,58.236.203.13
1621155213,BAN,221.17.254.20
1621155213,BAN,58.236.203.13
1621155213,BAN,210.133.208.189
1621155214,UNBAN,221.17.254.20
1621155214,BAN,221.17.254.20
1621155214,UNBAN,58.236.203.13
1621155214,BAN,58.236.203.13
1621155214,UNBAN,210.133.208.189
1621155214,BAN,210.133.208.189
1621155215,UNBAN,58.236.203.13
1621155215,UNBAN,221.17.254.20
1621155215,BAN,58.236.203.13
1621155215,BAN,221.17.254.20
1621155215,UNBAN,210.133.208.189
1621155215,BAN,210.133.208.189
1621155216,UNBAN,210.133.208.189
1621155216,UNBAN,221.17.254.20
1621155216,UNBAN,58.236.203.13
1621155216,BAN,210.133.208.189
1621155216,BAN,58.236.203.13
1621155216,BAN,221.17.254.20
1621155217,UNBAN,221.17.254.20
1621155217,UNBAN,210.133.208.189
1621155217,UNBAN,58.236.203.13
1621155217,BAN,221.17.254.20
1621155217,BAN,210.133.208.189
1621155217,BAN,58.236.203.13
1621158749,BAN,58.236.203.13
1621158749,BAN,221.17.254.20
1621158749,BAN,210.133.208.189
1621158752,BAN,210.133.208.189
1621158752,BAN,58.236.203.13
1621158752,BAN,221.17.254.20
1621158753,BAN,58.236.203.13
1621158753,BAN,221.17.254.20
1621158753,BAN,210.133.208.189
1621158824,BAN,58.236.203.13
1621158824,BAN,210.133.208.189
1621158825,BAN,221.17.254.20
1621158881,BAN,58.236.203.13
1621158881,BAN,210.133.208.189
1621158882,BAN,221.17.254.20
1621158960,BAN,58.236.203.13
1621158960,BAN,210.133.208.189
1621158960,BAN,221.17.254.20
1621158962,BAN,58.236.203.13
1621158962,BAN,210.133.208.189
1621158962,BAN,221.17.254.20
1621158994,BAN,210.133.208.189
1621158994,BAN,58.236.203.13
1621158994,BAN,221.17.254.20
1621159998,BAN,58.236.203.13
1621159998,BAN,210.133.208.189
1621159998,BAN,221.17.254.20
