1620981743,BAN,38.145.84.202
1620981837,BAN,58.236.203.13
1620981837,BAN,58.236.203.13
1620981837,BAN,58.236.203.13
1620981837,BAN,58.236.203.13
1620981837,BAN,58.236.203.13
1620981837,BAN,58.236.203.13
1620981837,BAN,58.236.203.13
1620981837,BAN,58.236.203.13
1620981837,BAN,58.236.203.13
1620981837,BAN,58.236.203.13
1620981837,BAN,58.236.203.13
1620981837,BAN,58.236.203.13
1620981837,BAN,58.236.203.13
1620981837,BAN,58.236.203.13
1620981837,BAN,58.236.203.13
1620981837,BAN,58.236.203.13
1620981837,BAN,58.236.203.13
1620981837,BAN,58.236.203.13
1620981837,BAN,58.236.203.13
1620981837,BAN,58.236.203.13
1620981837,BAN,58.236.203.13
1620981837,BAN,58.236.203.13
1620981837,BAN,58.236.203.13
1620981837,BAN,58.236.203.13
1620981837,BAN,58.236.203.13
1620981837,BAN,58.236.203.13
1620981837,BAN,58.236.203.13
1620981837,BAN,58.236.203.13
1620981837,BAN,58.236.203.13
1620981837,BAN,58.236.203.13
1620981837,BAN,58.236.203.13
1620981837,BAN,58.236.203.13
1620981837,BAN,58.236.203.13
1620981837,BAN,58.236.203.13
1620981837,BAN,58.236.203.13
1620981837,BAN,58.236.203.13
1620981837,BAN,58.236.203.13
1620981837,BAN,58.236.203.13
1620981837,BAN,58.236.203.13
1620981837,BAN,58.236.203.13
1620981837,BAN,58.236.203.13
1620981837,BAN,58.236.203.13
1620981837,BAN,58.236.203.13
1620981837,BAN,58.236.203.13
1620981837,BAN,58.236.203.13
1620981837,BAN,58.236.203.13
1620981837,BAN,58.236.203.13
1620981837,BAN,58.236.203.13
1620981837,BAN,58.236.203.13
1620981837,BAN,58.236.203.13
1620981837,BAN,58.236.203.13
1620981837,BAN,58.236.203.13
1620981837,BAN,58.236.203.13
1620981837,BAN,58.236.203.13
1620981837,BAN,58.236.203.13
1620981837,BAN,58.236.203.13
1620981837,BAN,58.236.203.13
1620981837,BAN,58.236.203.13
1620981837,BAN,58.236.203.13
1620981837,BAN,58.236.203.13
1620981837,BAN,58.236.203.13
1620981837,BAN,58.236.203.13
1620981837,BAN,58.236.203.13
1620981837,BAN,58.236.203.13
1620981837,BAN,58.236.203.13
1620981837,BAN,58.236.203.13
1620981837,BAN,58.236.203.13
1620981837,BAN,58.236.203.13
1620981837,BAN,58.236.203.13
1620981837,BAN,58.236.203.13
1620981837,BAN,58.236.203.13
1620981837,BAN,58.236.203.13
1620981837,BAN,58.236.203.13
1620981837,BAN,58.236.203.13
1620981837,BAN,58.236.203.13
1620981837,BAN,58.236.203.13
1620981837,BAN,58.236.203.13
1620981837,BAN,58.236.203.13
1620981837,BAN,58.236.203.13
1620981837,BAN,58.236.203.13
1620981837,BAN,58.236.203.13
1620981837,BAN,58.236.203.13
1620981837,BAN,58.236.203.13
1620981837,BAN,58.236.203.13
1620981837,BAN,58.236.203.13
1620981837,BAN,58.236.203.13
1620981837,BAN,58.236.203.13
1620981837,BAN,58.236.203.13
1620981837,BAN,58.236.203.13
1620981837,BAN,58.236.203.13
1620981837,BAN,58.236.203.13
1620981837,BAN,58.236.203.13
1620981837,BAN,58.236.203.13
1620981837,BAN,58.236.203.13
1620981837,BAN,58.236.203.13
1620981837,BAN,58.236.203.13
1620981837,BAN,58.236.203.13
1620981837,BAN,58.236.203.13
1620981837,BAN,58.236.203.13
1620981837,BAN,58.236.203.13
1620981837,BAN,58.236.203.13
1620981837,BAN,58.236.203.13
1620981837,BAN,58.236.203.13
1620981837,BAN,58.236.203.13
1620981837,BAN,58.236.203.13
1620981837,BAN,58.236.203.13
1620981837,BAN,58.236.203.13
1620981837,BAN,58.236.203.13
1620981837,BAN,58.236.203.13
1620981837,BAN,58.236.203.13
1620981837,BAN,58.236.203.13
1620981837,BAN,58.236.203.13
1620981837,BAN,58.236.203.13
1620981837,BAN,58.236.203.13
1620981837,BAN,58.236.203.13
1620981837,BAN,58.236.203.13
1620981837,BAN,58.236.203.13
1620981837,BAN,58.236.203.13
1620981837,BAN,58.236.203.13
1620981837,BAN,58.236.203.13
1620981837,BAN,58.236.203.13
1620981837,BAN,58.236.203.13
1620981837,BAN,58.236.203.13
1620981837,BAN,58.236.203.13
1620981837,BAN,58.236.203.13
1620981837,BAN,58.236.203.13
1620981837,BAN,58.236.203.13
1620981837,BAN,58.236.203.13
1620981837,BAN,58.236.203.13
1620981837,BAN,58.236.203.13
1620981837,BAN,58.236.203.13
1620981837,BAN,58.236.203.13
1620981837,BAN,58.236.203.13
1620981837,BAN,58.236.203.13
1620981837,BAN,58.236.203.13
1620981837,BAN,58.236.203.13
1620981837,BAN,58.236.203.13
1620981837,BAN,58.236.203.13
1620981837,BAN,58.236.203.13
1620981837,BAN,58.236.203.13
1620981837,BAN,58.236.203.13
1620981837,BAN,58.236.203.13
1620981837,BAN,58.236.203.13
1620981837,BAN,58.236.203.13
1620981837,BAN,58.236.203.13
1620981837,BAN,58.236.203.13
1620981837,BAN,58.236.203.13
1620981837,BAN,58.236.203.13
1620981837,BAN,58.236.203.13
1620981837,BAN,58.236.203.13
1620981837,BAN,58.236.203.13
1620981837,BAN,58.236.203.13
1620981837,BAN,58.236.203.13
1620981837,BAN,58.236.203.13
1620981837,BAN,58.236.203.13
1620981837,BAN,58.236.203.13
1620981837,BAN,58.236.203.13
1620981837,BAN,58.236.203.13
1620981837,BAN,58.236.203.13
1620981837,BAN,58.236.203.13
1620981837,BAN,58.236.203.13
1620981837,BAN,58.236.203.13
1620981837,BAN,58.236.203.13
1620981837,BAN,58.236.203.13
1620981837,BAN,58.236.203.13
1620981837,BAN,58.236.203.13
1620981837,BAN,58.236.203.13
1620981837,BAN,58.236.203.13
1620981837,BAN,58.236.203.13
1620981837,BAN,58.236.203.13
1620981837,BAN,58.236.203.13
1620981837,BAN,58.236.203.13
1620981837,BAN,58.236.203.13
1620981837,BAN,58.236.203.13
1620981837,BAN,58.236.203.13
1620981837,BAN,58.236.203.13
1620981837,BAN,58.236.203.13
1620981837,BAN,58.236.203.13
1620981837,BAN,58.236.203.13
1620981837,BAN,58.236.203.13
1620981837,BAN,58.236.203.13
1620981837,BAN,58.236.203.13
1620981837,BAN,58.236.203.13
1620981837,BAN,58.236.203.13
1620981837,BAN,58.236.203.13
1620981837,BAN,58.236.203.13
1620981837,BAN,58.236.203.13
1620981837,BAN,58.236.203.13
1620981837,BAN,58.236.203.13
1620981837,BAN,58.236.203.13
1620981837,BAN,58.236.203.13
1620981837,BAN,58.236.203.13
1620981837,BAN,58.236.203.13
1620981837,BAN,58.236.203.13
1620981837,BAN,58.236.203.13
1620981837,BAN,58.236.203.13
1620981837,BAN,58.236.203.13
1620981837,BAN,58.236.203.13
1620981837,BAN,58.236.203.13
1620981837,BAN,58.236.203.13
1620981837,BAN,58.236.203.13
1620981837,BAN,58.236.203.13
1620981837,BAN,58.236.203.13
1620981837,BAN,7.143.180.51
1620981837,BAN,218.107.197.209
1620981837,BAN,221.17.254.20
1620981837,BAN,221.17.254.20
1620981837,BAN,221.17.254.20
1620981837,BAN,221.17.254.20
1620981837,BAN,221.17.254.20
1620981837,BAN,221.17.254.20
1620981837,BAN,221.17.254.20
1620981837,BAN,221.17.254.20
1620981838,BAN,250.11.122.181
1620981838,BAN,185.163.26.213
1620981838,BAN,185.163.26.213
1620981838,BAN,185.163.26.213
1620981838,BAN,185.163.26.213
1620981838,BAN,185.163.26.213
1620981838,BAN,185.163.26.213
1620981838,BAN,185.163.26.213
1620981839,BAN,129.206.48.98
1620981839,BAN,214.160.167.152
